User,Tag,Rank,Position,KD,Assists,Headshot %,Ability Usage
hannah simp,meow,Immortal 3,Flex,0.8441,4.0,23.5171,40.4
vex,753,Immortal 3,Sentinel,1.1433,3.4,23.1563,58.6
TIER3GATOSUB,arf,Platinum 2,Duelist,1.0224,3.8,13.2283,27.6
Bryz,KatBF,Immortal 3,Flex,0.8382,3.0,19.4489,28.6
Big J,deez,Silver 3,Duelist,1.1895,1.8,36.3398,39.8
Doogieboy,6895,Silver 1,Duelist,1.3929,3.2,11.4897,22.0
Reacts,mei,Immortal 3,Duelist,1.747,5.8,26.0809,46.6
b0rkyy,2656,Platinum 2,Flex,1.1643,6.8,8.5482,28.4
Baji,GT86,Diamond 1,Controller,0.8429,6.0,11.9292,50.0
PauI,NA1,Immortal 1,Flex,1.5285,2.8,11.3455,16.4
zill,slvr,Radiant,Flex,1.3883,5.0,31.2233,55.8
YungYaz,Iran,Radiant,Flex,2.4115,6.4,22.0798,42.6
Modigga,Gzus,Immortal 3,Controller,1.3056,7.6,33.8114,43.0
ricewitseaweed,NA1,Immortal 3,Duelist,4.0769,3.2,25.58,31.4
Isaac,5781,Radiant,Duelist,1.1603,4.6,11.6059,35.0
sleeps,7155,Gold 3,Flex,1.0812,7.6,0.0,0.0
RaijuACE,3131,Radiant,Sentinel,1.4443,3.6,15.6735,29.6
Renzy,Ren,Immortal 3,Sentinel,1.3619,6.2,23.4596,57.2
Kuaresma,SNPR,Radiant,Flex,1.0413,4.0,34.1286,53.0
sega,101,Immortal 1,Sentinel,1.193,3.4,15.1515,5.8
king,north,Radiant,Initiator,2.238,4.4,26.9035,59.2
ThroatGoat,4638,Platinum 3,Flex,1.2778,3.8,18.4115,25.4
your bunny,3516,Gold 3,Flex,0.8233,4.4,16.6435,33.8
Centauri,NAE,Immortal 3,Initiator,1.1947,6.4,21.914,56.2
Truman,753,Immortal 3,Flex,0.7976,3.8,14.8381,33.0
Yidz,9624,Radiant,Initiator,0.5521,7.4,14.4781,40.8
Boozy,Brick,Platinum 2,Flex,1.11,2.6,5.3333,10.8
Kessler,Effct,Immortal 3,Flex,1.6138,6.2,15.5374,37.8
Ivan,SKRRT,Immortal 2,Flex,1.9584,3.4,7.8307,16.0
perseverance,LSW,Immortal 2,Initiator,1.0919,12.4,24.7213,62.4
TaxEvadinSince04,FFrd5,Immortal 3,Flex,1.1333,5.6,22.9725,43.4
Vish,4129,Diamond 3,Sentinel,1.3441,3.0,19.0759,28.8
NM gabersenn,kait,Radiant,Controller,0.9463,6.2,19.0682,55.4
BootyBandit00,NA1,Platinum 1,Sentinel,1.0728,4.4,15.3721,36.0
AustinoGambino,NA1,Immortal 2,Sentinel,1.5381,5.4,19.4302,56.0
RIT Huntah,SARS,Immortal 3,Duelist,1.6461,3.4,17.3347,36.0
DMO,818,Immortal 2,Duelist,1.0793,4.0,27.1682,57.0
favs,nnnn,Radiant,Initiator,0.9142,6.6,31.5854,34.2
Carpy,Pog,Platinum 3,Flex,0.7831,4.2,13.9537,32.0
XT Pkm,1111,Immortal 3,Flex,0.8435,4.2,23.012,56.4
murmur,simi,Diamond 1,Initiator,0.7449,6.4,13.8953,43.8
HokeyPokey220,3144,Bronze 3,Duelist,1.0418,1.6,9.4824,5.2
noei,SMOKE,Immortal 3,Sentinel,1.7922,3.2,28.6966,34.6
nova,karen,Immortal 3,Duelist,0.7096,3.0,16.9862,39.4
Derek,dmo,Radiant,Duelist,0.7507,4.8,33.7565,42.6
yoffi,404,Diamond 1,Duelist,1.0832,5.4,11.3095,15.2
Lewynhart,uwu,Immortal 3,Initiator,0.8871,5.2,29.2129,54.2
link,604,Immortal 2,Flex,0.9619,8.0,22.1072,44.8
GenZ 488,GenZ,Gold 2,Flex,0.6667,2.8,3.8889,12.8
TSM FTX mle,olaf,Immortal 3,Initiator,0.8185,7.0,17.2324,52.8
vital,woo,Radiant,Flex,0.8872,3.4,22.2262,42.8
TSMFTX Precision,Colin,Radiant,Initiator,1.3091,5.2,22.1956,47.4
Star,mwah,Immortal 3,Duelist,0.5841,3.0,26.8571,50.8
Cruelty Darker,Licht,Immortal 2,Duelist,1.0143,2.6,31.8714,29.6
wntr,6tv,Radiant,Flex,1.4039,3.0,23.6316,37.4
DIG rain,1337,Immortal 2,Controller,1.5051,5.4,20.8973,38.0
ashleyy,not,Diamond 3,Duelist,1.5971,3.4,23.9459,31.6
BUGATTI PEEK,EU1,Immortal 2,Sentinel,1.046,2.6,29.1514,34.8
Sora,kiru,Immortal 3,Initiator,1.0185,6.4,20.5208,47.6
wellFried,0001,Radiant,Duelist,0.8024,3.6,11.3011,42.2
ion2x,2009,Radiant,Duelist,1.1389,5.2,26.6676,50.6
Hori,REAL,Radiant,Duelist,1.0724,1.0,8.6521,19.0
Agua,69420,Platinum 3,Duelist,0.8927,4.0,17.2049,48.8
Paranomia,Smile,Diamond 1,Flex,1.3167,4.4,9.4632,37.8
SWF Boug,cal,Immortal 3,Controller,1.4859,5.4,21.2938,26.0
w1sh,2006,Immortal 3,Duelist,0.8985,4.4,13.1255,26.2
voltageG,GOAT,Immortal 3,Sentinel,1.1881,2.4,22.781,40.2
ZEN KENNY,IGL,Immortal 3,Sentinel,1.1612,4.0,18.7689,34.8
DENJI,LFT,Diamond 3,Duelist,0.6264,2.2,22.4731,14.2
Thund3r,NA1,Immortal 3,Initiator,0.9539,7.0,19.9328,58.4
CANTFORGETTHEBEV,ababa,Gold 2,Controller,0.8594,5.6,20.2966,48.8
Casblood18,BLACK,Radiant,Duelist,0.8883,6.0,24.0054,56.0
Katakuri,Flexd,Immortal 3,Controller,0.6929,7.6,28.2157,49.0
frutta,1530,Immortal 3,Flex,0.93,7.6,19.8934,67.6
Samuel,WHT,Immortal 3,Flex,1.0746,5.6,31.499,58.0
jonn,1400,Platinum 3,Flex,1.272,2.6,6.2857,14.0
Wanheda,Rip,Diamond 3,Flex,1.464,5.0,9.2524,33.0
snirot,000,Immortal 3,Flex,1.1329,2.8,22.1525,49.4
Death On Mark,NA1,Diamond 3,Initiator,1.0302,7.6,5.8333,23.6
Byte,1000,Gold 1,Duelist,1.1357,4.2,11.1064,36.6
DonBigote,PAPI,Platinum 2,Controller,1.8453,2.6,14.3402,28.6
LightzOut,las,Immortal 3,Flex,1.0147,5.0,23.3621,39.4
HCE nixx,5393,Radiant,Flex,0.8688,5.4,15.3571,29.8
UL Tαςσ,taco,Radiant,Initiator,1.1962,4.8,22.0624,46.4
PRIT,1111,Diamond 3,Duelist,0.9406,3.2,23.0281,30.6
eigne,1111,Immortal 3,Flex,1.003,6.6,31.3976,40.4
HOPE,1140,Immortal 3,Flex,0.7732,6.4,23.3691,57.8
V1 effys,LBE,Immortal 3,Initiator,1.1981,5.2,14.8417,36.0
merami,same,Immortal 3,Flex,1.7366,3.2,10.7692,3.6
lyric6l,fps,Diamond 3,Flex,1.1295,3.6,18.8864,38.4
vora,zzz,Radiant,Initiator,0.9368,9.0,24.0741,58.8
potro,5402,Immortal 3,Duelist,0.6602,5.8,15.4846,55.2
Youtube Wishyy,7709,Silver 1,Duelist,2.6119,3.0,20.9066,39.0
SaggyWaffless,3051,Silver 2,Flex,1.6295,3.0,8.6601,10.0
unlucky,ld153,Platinum 3,Flex,0.7173,5.0,10.9231,23.6
SUPERCAT14392786,MEOW,Immortal 3,Sentinel,1.2685,3.8,18.6816,34.6
StarBound,idk,Radiant,Sentinel,1.688,2.6,14.6576,32.8
royalG,CSGO,Immortal 3,Duelist,1.7648,5.6,6.536,13.8
jmoh,lala,Immortal 3,Duelist,1.2409,4.2,24.4733,36.8
taemint,vane,Gold 3,Flex,0.854,6.8,17.0901,49.8
Twitch JaBaitedd,7062,Diamond 2,Flex,1.4589,5.0,0.0,0.0
SamZera,jones,Diamond 3,Initiator,1.2524,4.2,20.1691,32.0
L0GAN,4262,Silver 3,Flex,0.8141,3.8,8.4615,15.4
Indosamo,2292,Silver 3,Flex,1.1025,4.2,7.8571,24.2
kaboose ORMEN,w0w,Immortal 1,Duelist,0.9147,4.0,22.6308,41.0
Vexii,Bruh,Radiant,Controller,0.8442,7.6,23.5424,50.8
Cainzera,604,Radiant,Flex,2.289,4.6,0.0,0.0
StinkingWind,0860,Platinum 2,Flex,0.9267,4.4,5.4146,19.8
Cracien,Chika,Immortal 3,Sentinel,1.4857,3.6,25.5261,41.0
Symbiotic,AKT,Immortal 3,Controller,1.1825,6.6,33.4243,57.4
zebroe,420,Radiant,Flex,0.9791,5.8,34.2993,64.6
Tairany,000,Immortal 3,Duelist,1.8333,3.6,0.0,0.0
Bubbas,bubba,Diamond 3,Flex,1.0708,6.0,15.352,56.0
TakiFingers,3333,Immortal 3,Duelist,0.9665,2.8,27.987,57.8
point god,dimes,Immortal 3,Duelist,0.9726,5.2,37.6579,45.8
tsai,000,Immortal 3,Controller,1.339,5.0,11.4286,23.0
fytts,mari,Immortal 3,Flex,0.9434,1.8,11.0985,17.8
jollibee,001,Gold 1,Duelist,1.1409,5.8,0.0,0.0
HukeBaby,LULW,Bronze 3,Duelist,0.802,4.2,0.0,0.0
Dubz,scar,Radiant,Controller,0.9693,4.8,16.9374,33.0
Politte,5705,Gold 3,Flex,1.1576,5.6,2.2989,8.6
Fruit,oof,Gold 2,Controller,0.7902,4.0,4.8124,14.6
Dill,fku,Immortal 3,Flex,0.8402,3.8,23.3057,45.6
Mtndewsipper,4826,Bronze 3,Flex,0.7987,3.2,9.1314,41.4
OXG Virtyy,445,Radiant,Initiator,1.159,5.4,38.2457,48.0
GHOST NisKo,LEB,Immortal 3,Initiator,1.6495,6.4,29.3595,48.4
FS Torrify シ,Vamos,Immortal 3,Sentinel,2.0131,3.4,27.2096,35.6
renz,77777,Radiant,Flex,1.255,6.8,33.5835,63.0
cookiecolaa,ttv,Silver 1,Flex,2.1875,4.8,11.7487,68.8
ASP 8ecause,smile,Radiant,Flex,1.2964,2.8,29.0427,52.6
LightzOut,las,Immortal 3,Flex,0.9323,5.2,22.8699,37.6
renai,ily,Immortal 3,Flex,0.9842,5.8,20.115,52.0
Rizzi,999,Diamond 3,Flex,1.7664,4.8,0.0,0.0
Truth,msngr,Radiant,Duelist,0.9788,5.0,23.2402,45.0
l4cer,3006,Radiant,Duelist,0.8093,2.6,19.8951,29.6
Reks,8836,Immortal 3,Flex,1.1073,8.4,14.3035,56.0
Astro,A74,Silver 3,Flex,0.5547,4.0,7.5806,8.2
CLG amnesia,228,Immortal 2,Initiator,0.9325,9.6,7.5213,37.4
notorious,chris,Radiant,Duelist,1.6279,4.2,16.5134,48.0
METRO Kayros,000,Radiant,Initiator,0.9156,7.4,27.9626,57.2
BBG BlackHeart,SILK,Radiant,Initiator,1.0861,7.6,21.806,41.6
SE lego,ilan,Immortal 3,Flex,1.2131,4.4,26.3305,46.8
Dark3st,7489,Immortal 3,Flex,1.1682,6.2,33.1351,60.8
Doc,Grey,Gold 1,Flex,0.8455,5.6,9.8413,22.2
LoMein,6666,Immortal 1,Flex,1.46,4.0,0.0,0.0
roheatinup,777,Silver 2,Flex,0.9666,4.0,6.1407,11.6
Pythhn,6969,Immortal 3,Initiator,1.4709,3.8,23.0462,24.0
PandaNPrada,9147,Bronze 3,Flex,1.18,2.6,16.0029,15.6
Aysolate,1taps,Diamond 1,Initiator,1.1743,1.0,0.0,0.0
ShimmyXD,NA1,Radiant,Initiator,1.4119,4.4,25.5859,38.2
SlimChunk,NA1,Immortal 2,Flex,1.0416,4.4,15.4304,57.2
opTED,SUSSY,Radiant,Flex,0.9732,6.4,28.8344,53.2
Nahsie,Na1,Radiant,Flex,1.819,6.2,17.0483,38.8
Squatch,FLCL,Diamond 1,Initiator,1.1406,6.8,23.1424,39.8
orly,orly,Radiant,Controller,1.1744,5.8,11.6105,32.0
Soul,iwnl,Immortal 3,Duelist,1.4197,2.6,33.5316,27.4
raiku,kepi,Immortal 3,Flex,1.5004,2.6,6.2857,12.4
mai,iwnl,Immortal 3,Controller,1.2625,6.4,23.8515,61.4
alvinzera,098,Radiant,Sentinel,1.3364,2.4,33.9803,49.0
Vordooche,1802,Platinum 3,Flex,1.4189,2.6,20.2551,49.4
zarco,dhrdz,Immortal 3,Sentinel,0.8175,5.0,22.1679,34.4
Campion,ESH,Radiant,Duelist,0.9249,4.2,19.7139,42.2
syn,uwu,Immortal 1,Flex,0.945,2.0,22.3254,28.4
ynnoj,cloud,Immortal 3,Flex,1.1973,5.6667,22.0814,57.3333
Yaira,SBG,Immortal 3,Flex,0.9314,3.8,31.9503,48.4
milo,lol,Diamond 3,Sentinel,1.5133,3.6,5.575,17.8
Pubescent Baby,milky,Diamond 1,Flex,0.9004,5.6,3.0189,12.2
Baddyy,NA1,Immortal 3,Flex,1.1514,5.6,35.4119,59.2
Shane,VAL,Immortal 3,Controller,1.0607,6.2,16.4889,38.2
Silvermist,4035,Gold 1,Initiator,1.2337,3.2,3.3333,3.8
Teague,DJM,Radiant,Initiator,1.0066,6.6,26.9575,53.8
Moon,100,Radiant,Duelist,1.3925,5.0,22.0267,55.2
Billy Baker,STHLA,Diamond 3,Sentinel,0.8411,5.8,4.2121,17.0
whitr,UofA,Radiant,Controller,3.4485,3.8,10.303,26.2
Spaz,7007,Radiant,Controller,1.2274,8.6,29.3126,47.8
rix,42069,Immortal 2,Initiator,1.2086,6.2,8.7727,24.8
angelaye,boink,Gold 2,Duelist,1.1853,5.2,0.0,0.0
FaZe supamen,1929,Immortal 2,Controller,1.7523,4.0,12.1905,24.2
COL Governor,2143,Radiant,Sentinel,1.9246,3.2,29.2197,60.0
nosraC,6969,Immortal 1,Initiator,1.0684,5.6,32.0112,44.6
stev,3395,Immortal 2,Flex,1.167,8.2,15.3832,55.2
rice bulgogi,anita,Radiant,Flex,1.9446,3.0,28.34,16.6
Complex,301,Immortal 3,Initiator,1.3858,6.4,22.2751,36.6
n0thing,67250,Radiant,Duelist,1.0235,7.0,19.5459,74.2
rayse,tyy,Immortal 3,Initiator,0.9073,6.0,25.2498,29.4
Thom,bnana,Immortal 3,Flex,1.423,4.6,5.0,7.6
Jerk,PHiZ,Immortal 3,Flex,1.2617,4.2,17.7319,41.4
TSM Rossy x1,cece,Radiant,Initiator,1.2187,9.8,22.9284,56.8
Toxic McGee,5047,Silver 2,Initiator,0.925,6.2,24.3483,34.0
Star,mwah,Immortal 3,Duelist,0.6202,2.8,25.619,45.4
CallMeMar,Live,Immortal 3,Initiator,1.575,5.2,35.5548,46.8
NRG Ethan,FARM,Immortal 3,Flex,1.2178,9.0,20.2754,50.6
EG pho,rat,Immortal 3,Flex,1.3167,6.8,41.731,56.4
mgrabow5,1586,Silver 1,Controller,0.937,2.6,6.3158,6.0
STYLESY,YEAH,Immortal 3,Initiator,1.5492,4.2,14.6824,28.6
RocKy,blboa,Silver 3,Flex,1.1314,4.4,4.4444,10.6
Kyro,kana,Radiant,Flex,1.105,6.8,24.1752,67.8
flood,3123,Platinum 2,Flex,1.3955,5.2,12.0108,23.4
POOLFLOATY,peeEF,Immortal 3,Controller,0.9876,5.6,17.4832,50.2
Calin,Cal,Immortal 2,Flex,2.0111,2.6,23.0464,31.4
TwitchOGNahbi,8545,Silver 2,Flex,0.8999,3.6,12.5998,18.2
zogratis,12345,Radiant,Sentinel,1.2484,4.2,31.9275,36.4
Stori,idc,Immortal 3,Flex,1.0866,5.4,35.5094,48.6
BRANTED,heavy,Radiant,Controller,1.066,4.8,23.9312,61.4
endless,C9TG,Diamond 3,Flex,1.8176,4.4,0.0,0.0
baba,YUH,Platinum 1,Initiator,1.2526,4.2,24.6448,30.8
zoady,solo,Radiant,Duelist,1.4022,3.2,25.2233,45.0
renz,77777,Radiant,Flex,1.158,6.2,35.8905,61.4
morgen,ymg,Immortal 1,Flex,1.8185,1.8,5.7143,10.0
career,6ft5,Immortal 3,Flex,1.07,6.4,21.4333,54.6
Jazo,773,Immortal 1,Duelist,1.3072,3.2,29.1447,42.6
a2guapo,315x1,Immortal 3,Flex,1.1099,3.8,26.0242,45.4
sole,1111,Immortal 3,Initiator,0.874,4.8,33.7412,53.2
RuckyDuck,why,Radiant,Duelist,1.6927,2.8,15.1696,29.4
tyti,000,Immortal 3,Sentinel,0.9855,3.4,30.4939,49.4
starry,yikes,Immortal 3,Flex,0.7457,4.6,27.852,53.0
stunna,2006,Radiant,Flex,0.6258,2.8,3.9216,7.2
Cartier,wnl,Immortal 2,Flex,1.5029,6.6,20.133,40.0
NixS,1955,Diamond 3,Controller,2.0314,4.2,0.0,0.0
GetMeOut,NoJk,Gold 2,Flex,1.7384,5.8,15.2975,33.2
nautic,6912,Immortal 3,Duelist,1.405,3.0,38.0885,42.2
Ziehm TTV,2121,Immortal 3,Duelist,1.1601,4.6,38.5611,46.8
tyfoon,DecaD,Radiant,Initiator,0.9525,7.2,28.4115,55.6
sam,idk,Immortal 3,Flex,0.882,3.4,35.5178,41.8
point god,dimes,Immortal 3,Duelist,1.0183,5.8,34.0994,45.6
nokE,TTV,Immortal 3,Duelist,1.0922,3.6,29.1059,60.6
wedid,0702,Radiant,Controller,1.3888,8.4,36.6305,66.8
dom toretto,420,Silver 1,Flex,0.5325,6.6,8.2544,16.2
noturgothgfriend,2678,Bronze 3,Flex,0.8835,3.4,11.8967,14.2
Tayz,IWNL,Immortal 3,Duelist,1.148,4.8,14.4674,59.4
xprt,7321,Radiant,Initiator,1.4001,7.8,14.9703,42.6
Krowbar Jones,NA1,Platinum 2,Controller,1.0186,5.8,4.0163,18.4
Knights Frosty,tap,Immortal 3,Flex,0.7533,1.8,11.2121,22.2
C9 Xeppaa,XITER,Radiant,Initiator,1.0625,10.6,21.7116,70.8
TE bless,AR7,Radiant,Flex,1.556,3.0,7.6923,8.4
Hkap,Arab,Radiant,Initiator,1.3037,5.2,19.733,48.6
BBG khanartist,dunya,Radiant,Flex,1.073,4.2,31.0523,49.2
TSM FTX Dialists,777,Immortal 1,Sentinel,1.4419,3.0,29.9092,41.6
GenG PureR,260,Immortal 3,Duelist,1.9231,3.4,16.6387,21.0
SEN Rawkus,1337,Radiant,Flex,1.1443,5.8,18.8259,46.2
JGAR,4609,Platinum 1,Flex,1.1013,7.2,10.853,34.0
bigshtter,same,Immortal 3,Duelist,1.0408,2.2,30.5741,48.6
Heero,Rin,Immortal 3,Controller,1.2338,4.8,29.1825,51.2
ino,000,Radiant,Initiator,0.8011,5.2,31.1133,52.4
RORONOA ZORO,4444,Diamond 1,Duelist,1.2318,5.6,22.8718,36.4
Sell,8091,Platinum 2,Sentinel,1.4439,6.4,13.725,25.6
verilyx,BMG,Immortal 3,Duelist,0.8479,4.6,21.5865,55.2
NotElijvh,001,Immortal 3,Initiator,1.1993,7.2,18.5413,55.0
Potatoe,0001,Immortal 3,Flex,1.1438,2.8,12.2043,19.0
Styles,4095,Immortal 2,Flex,1.0992,4.8,0.0,0.0
fluicide,001,Immortal 3,Initiator,1.076,4.2,25.7877,54.2
light,edits,Immortal 3,Initiator,1.1406,4.8,20.1146,43.4
idnPL,seif,Radiant,Flex,1.2071,5.4,5.6746,23.2
1 800 Psyduck,NA1,Radiant,Flex,0.9355,2.6,37.7339,43.6
NXBLE,playa,Immortal 3,Duelist,1.2467,3.2,22.046,48.2
ari,bang,Diamond 1,Flex,0.7787,4.4,30.0166,39.0
Falafel Phil,4510,Silver 1,Duelist,1.0401,4.2,18.8729,39.8
hybrid,100,Radiant,Flex,1.2839,3.6,39.574,32.2
OneBuncK,NA1,Silver 1,Initiator,0.7711,4.6,12.6679,46.8
NukeProphet,AIM,Immortal 3,Duelist,1.1309,5.4,22.5822,54.2
piero,RAT,Radiant,Controller,1.6031,3.2,21.3246,35.0
FluffyBorkenz,5786,Diamond 2,Duelist,1.2052,2.0,7.1377,15.2
sati,ily,Immortal 2,Duelist,1.585,3.0,14.5769,20.0
WARDELL,OPAC,Radiant,Flex,1.0424,4.0,34.2154,39.8
LG moose,E30,Radiant,Sentinel,1.0298,5.2,22.9051,58.6
kev,FPS,Immortal 3,Duelist,1.1047,4.8,27.2972,56.2
jwr,washd,Radiant,Duelist,1.4359,5.8,27.0887,61.0
OneShott,69420,Platinum 3,Duelist,0.6482,4.0,7.2078,18.0
joshymoshy,NA1,Immortal 3,Duelist,1.0566,4.4,32.0279,62.2
Pasta,50010,Immortal 1,Initiator,1.5254,5.0,0.0,0.0
Ethan,7876,Immortal 2,Duelist,0.6216,3.8,22.0591,35.4
stryder,hiryu,Immortal 3,Duelist,1.205,4.0,15.7559,48.2
Tays,uwu,Immortal 3,Duelist,1.8553,2.0,34.4217,32.4
NLaF7,131iq,Radiant,Flex,1.0493,4.4,0.0,0.0
Ari,skely,Immortal 3,Controller,0.9776,5.2,13.3105,28.6
Grim,main,Radiant,Flex,1.7398,2.4,10.114,10.4
ウルトラ,iwnl,Immortal 3,Sentinel,1.2426,2.0,20.0586,27.8
Яaze,444,Platinum 2,Duelist,1.2411,4.8,24.41,46.0
NickChampz,dawa,Immortal 2,Controller,1.3374,7.4,30.4815,60.4
vora,zzz,Radiant,Initiator,1.0349,8.0,23.3801,50.0
RICE,MYLF,Gold 1,Flex,1.0113,5.0,12.1667,22.6
SnakeEyess,6666,Immortal 2,Duelist,1.048,1.6,13.3333,15.0
yvaw,5050,Silver 3,Initiator,0.8702,4.0,9.5242,25.4
JeckFPS,XDDDD,Radiant,Sentinel,1.0245,4.6,21.3632,42.4
Joth,8176,Gold 3,Duelist,1.0639,5.4,0.0,0.0
koisu,yoko,Immortal 3,Controller,1.1577,5.2,19.867,54.2
Dyno,0001,Radiant,Duelist,1.4418,3.6,24.5122,45.8
MouseyTube,2101,Immortal 1,Initiator,0.6501,6.2,29.7253,55.0
Chidoriouttheass,9183,Gold 2,Duelist,0.924,5.0,14.0132,28.6
Racoone,TTV,Radiant,Controller,1.0145,6.0,18.0399,48.2
Angel,2256,Platinum 2,Duelist,1.1445,4.8,14.9613,46.4
Top,kouki,Immortal 3,Flex,0.7882,4.2,12.6374,20.8
TAMU Nabber,NAB1,Radiant,Initiator,1.7672,8.2,14.7453,46.6
Winz,8288,Platinum 3,Controller,1.0211,3.2,10.8305,28.2
Silenx,111,Immortal 2,Flex,1.1497,8.6,31.1785,60.0
Cruelty Chef,bdy,Immortal 3,Sentinel,0.8708,4.4,15.6177,43.8
pandez,esdea,Immortal 3,Duelist,1.2068,5.4,22.177,54.2
horror,0002,Radiant,Sentinel,1.038,4.2,16.286,40.8
Dopai,NA1,Immortal 3,Sentinel,1.3565,6.2,21.3768,54.8
Ramadan Kyrie,sageu,Immortal 3,Sentinel,1.1639,4.2,15.2276,44.0
dominic,AKT,Radiant,Duelist,1.4786,3.8,12.1185,34.8
NolbertoEZ,TTV,Radiant,Flex,1.5539,3.6,25.393,54.6
PloopNugget37,bawlz,Immortal 3,Flex,0.7818,5.2,12.134,42.8
dyL,Brick,Immortal 1,Sentinel,1.116,4.2,14.0319,20.6
T1 steel,shaft,Radiant,Duelist,0.9877,9.0,19.0931,57.4
wabisabi,0001,Platinum 1,Controller,1.0987,5.6,15.0317,34.8
krZ,QQQ,Immortal 3,Flex,0.7238,7.0,25.6936,61.4
kei,simp,Immortal 2,Flex,1.2108,7.0,19.2013,42.0
terrorist,halal,Diamond 1,Duelist,1.0543,2.4,11.4924,30.2
Nord,VPN,Radiant,Controller,1.1276,4.8,17.9836,36.0
Sleepy Trusty,Niss,Radiant,Sentinel,1.019,4.4,31.4055,33.0
chanse,yuna,Radiant,Sentinel,0.8376,2.6,19.0491,27.4
Wildfire,alter,Immortal 2,Initiator,1.1182,7.4,31.1386,76.6
Arkhram,2329,Immortal 3,Initiator,1.6017,3.8,17.249,26.6
nmgreen,1211,Immortal 1,Flex,0.9734,4.2,31.2963,52.8
teach,er000,Immortal 3,Flex,1.1897,3.8,9.2991,14.6
favs,nnnn,Radiant,Flex,0.9364,8.4,26.7369,36.4
mezology,NA1,Radiant,Duelist,0.6757,6.0,13.0223,46.2
Mlazz2,6159,Gold 2,Duelist,0.6507,5.0,3.8596,6.0
RE maju,pjira,Immortal 3,Duelist,1.3688,4.0,9.4922,34.0
rumys,sofi,Immortal 3,Duelist,1.4381,1.4,19.1808,13.0
far,yur,Radiant,Flex,1.0309,2.8,32.411,50.2
Osias,1212,Radiant,Flex,1.4002,6.0,23.8772,57.4
Alita,1520,Platinum 1,Flex,0.8039,3.0,12.0,23.2
TooRice,domo,Immortal 3,Initiator,1.3398,5.0,14.6853,36.4
MakeOutHill,Otf,Gold 3,Sentinel,0.8099,3.2,0.0,0.0
BSU Tn,BSU,Radiant,Duelist,0.9564,2.8,22.8571,22.8
SEN TenZ,0505,Immortal 3,Duelist,0.9851,3.4,32.2494,42.0
sdg,slt,Gold 2,Controller,0.7939,6.0,19.0552,45.2
Tazzy,TTV,Immortal 3,Controller,1.0275,7.8,23.9967,54.6
SATCHEL DEMON,RAZE,Immortal 3,Duelist,0.6984,3.2,9.9292,46.0
tnzo,1os,Radiant,Duelist,0.9659,4.0,18.8903,34.8
kro,6608,Platinum 2,Flex,1.0986,3.6,11.5438,38.6
NORI Kazuha,Val,Immortal 3,Controller,1.1684,5.0,10.1398,29.6
Cruelty Baez,MEX,Immortal 1,Flex,1.0358,2.2,30.2894,36.0
stallion,9999,Radiant,Flex,1.14,6.8,25.0062,73.0
shin,002,Immortal 3,Duelist,1.3641,3.8,20.8284,40.8
Bad Cheater,AIM,Radiant,Duelist,1.3029,5.4,28.0171,67.4
GaryDaGecko,bettr,Silver 2,Controller,1.3133,4.2,11.2155,20.8
nos,kuma,Radiant,Flex,0.9781,6.8,21.9677,49.2
Branethym,BBM,Silver 3,Flex,1.2242,5.8,11.9771,31.0
kev,FPS,Radiant,Duelist,1.1889,4.0,30.5839,61.2
100T stellar,bden,Radiant,Initiator,1.1148,4.6,11.0973,32.2
그림자군주,LFT,Immortal 3,Duelist,0.9136,3.8,29.4076,46.4
Chimmy,69420,Immortal 3,Flex,1.2942,3.2,21.0842,57.4
NAUGHTY,BOI,Diamond 1,Sentinel,1.7283,1.4,12.2623,10.4
Olly,8661,Platinum 3,Duelist,1.2773,4.4,24.3582,37.0
JustSauce,420,Platinum 2,Initiator,0.8958,3.8,21.5062,29.4
COL Governor,2143,Radiant,Flex,1.9637,4.8,10.4538,23.0
XSET zekken,5193,Radiant,Duelist,1.0854,4.2,25.1776,28.4
Reflex,bot,Radiant,Initiator,0.8025,4.0,35.8824,33.8
COL Maddie,GX3,Immortal 3,Controller,1.0872,9.0,26.3477,66.2
MayorOfPoundtown,NA1,Silver 3,Sentinel,1.0761,9.0,0.0,0.0
zurc,han,Radiant,Initiator,1.1,9.0,31.6439,53.0
huddy,xoxo,Diamond 3,Flex,0.7806,3.8,7.1064,15.6
FS MITED,1912,Immortal 3,Controller,0.8983,8.0,28.316,68.8
itsTibs,8010,Immortal 3,Controller,0.7936,5.2,16.0977,44.4
Kyeiou,Lag,Immortal 3,Flex,1.3353,4.2,19.6334,48.8
reach,lavi,Immortal 3,Flex,1.7074,4.6,10.119,12.4
Trauma,1of1,Diamond 3,Flex,0.8163,6.2,16.6593,45.6
METRO Crescent,Chris,Radiant,Duelist,1.2907,5.6,25.2426,42.6
tommybionicles73,2008,Radiant,Initiator,1.4768,5.4,22.4336,51.4
jegar,0001,Immortal 2,Duelist,0.825,1.2,11.4035,21.0
SARGE,MT412,Radiant,Sentinel,1.2153,6.0,22.2261,87.4
taybop,mako,Immortal 3,Controller,0.9,4.6,33.0182,58.0
Skeeejo,001,Diamond 1,Duelist,1.7866,4.2,0.0,0.0
henry,yuli,Immortal 2,Flex,1.4816,4.6,23.0955,50.2
FaZe babybay,1313,Immortal 3,Controller,9.419,6.6,3.6364,21.4
Favio,HNRQZ,Radiant,Controller,1.0084,7.0,33.1938,55.4
Dre,69357,Silver 3,Flex,1.4294,4.0,12.2515,11.6
Jimmy Churino,Gojo,Gold 3,Flex,1.4501,3.8,0.0,0.0
Babydragon,RAWRR,Immortal 3,Controller,1.1917,5.6,17.8331,37.2
wkd04,9102,Immortal 3,Controller,1.1342,3.0,23.4938,32.2
AKM Ah1ra,000,Radiant,Flex,1.1403,4.2,34.069,35.8
TSM Corey,1313,Radiant,Flex,1.1406,5.2,28.6859,56.4
excusexs,NOOP,Immortal 1,Flex,0.7205,3.4,13.9858,26.8
Dispel Xeetii,naru,Radiant,Flex,1.136,5.0,37.3471,48.6
Oavly,idc,Immortal 2,Duelist,1.6814,2.4,9.587,15.4
Lil Mac,MAC,Immortal 2,Sentinel,1.3517,4.4,16.1595,39.6
Zood,Bye,Platinum 1,Duelist,3.7588,1.8,15.4167,10.2
AKIBOY888,DOG,Radiant,Duelist,0.7608,3.8,21.6608,33.2
bartledoo,6678,Silver 1,Duelist,1.1977,4.8,16.0902,42.8
RankedV,2116,Immortal 3,Flex,1.8854,3.8,22.3706,48.8
Death,7671,Immortal 3,Duelist,1.0881,2.8,20.1818,27.2
SoaR epathy,1738,Immortal 3,Initiator,1.5149,3.0,0.0,0.0
marrked,7896,Diamond 3,Duelist,1.121,6.4,10.9388,22.4
Boddent,2222,Immortal 2,Duelist,1.1076,4.2,19.1496,20.6
kuhp,die,Immortal 1,Duelist,1.3508,3.8,19.5525,20.2
Shadow,5152,Immortal 3,Flex,1.7308,5.8,21.4486,51.8
FaZe flyuh,ktlyn,Immortal 3,Initiator,1.4279,2.6,13.1061,7.6
sharky,nba,Radiant,Initiator,1.1412,5.0,21.3141,57.0
MichaelReeves,NA1,Bronze 3,Flex,1.9922,5.4,1.5385,5.8
sharkslippers212,much,Immortal 3,Flex,1.2347,4.2,24.0529,39.8
ecco2k,luv1,Gold 2,Initiator,1.4624,4.4,16.4607,43.0
ssˉl,9300,Immortal 3,Duelist,1.1153,4.6,39.4902,47.8
bm1,bm1,Immortal 3,Controller,1.1393,7.4,23.5198,50.4
iHenDog,8114,Immortal 3,Duelist,0.9469,3.4,20.7759,38.6
Marz,9405,Gold 2,Initiator,2.4188,4.0,10.1313,28.6
Ging,7135,Platinum 2,Flex,1.2244,6.4,0.0,0.0
nate,roo,Immortal 3,Sentinel,1.0945,2.4,20.2265,25.2
Silv,0000,Gold 3,Flex,1.2254,4.6,0.0,0.0
elvis,swayz,Immortal 3,Duelist,0.8532,4.4,25.4832,48.4
Omur,5046,Gold 1,Flex,1.3149,3.2,8.7222,20.2
kazumo,100x,Immortal 3,Duelist,1.0104,4.2,26.2288,50.2
V1 Katriggered,vxval,Immortal 3,Flex,0.9724,7.4,11.6127,26.0
NRG eeiu,1945,Radiant,Controller,1.7686,7.4,21.4878,30.2
DiegoGamer0528,Purr,Immortal 1,Duelist,0.9979,3.4,16.0594,42.0
tokyoto,opium,Platinum 2,Duelist,1.0599,4.4,12.8452,16.4
RG Posters,2259,Radiant,Flex,0.9715,4.6,16.7013,36.2
CookBoyardee,420,Silver 3,Flex,0.8979,2.6,13.9669,10.8
HarleyW,iwnl,Immortal 1,Duelist,1.1885,3.2,37.9358,34.4
Stytch,2112,Platinum 1,Flex,0.9686,5.0,5.6347,18.8
R0binhood,NA1,Silver 3,Initiator,1.4105,5.8,15.6234,25.8
SWF weLyy,live,Immortal 3,Initiator,0.7086,6.2,25.5563,64.4
Vroom,6464,Radiant,Controller,1.0792,10.0,22.5358,82.0
leme fuh da buh,NA1,Gold 1,Duelist,0.816,5.8,9.5031,10.0
zephyr,799,Radiant,Flex,2.6571,3.4,6.2222,6.0
exec,3005,Immortal 2,Initiator,0.7962,5.0,26.8761,41.6
Aquaintance,idc,Immortal 3,Initiator,0.8849,3.8,25.277,36.4
TheOneBean,Johan,Diamond 1,Flex,1.6643,2.6,0.0,0.0
yin,4817,Bronze 2,Flex,0.9921,4.2,8.5906,30.6
Savyo,NA420,Immortal 3,Initiator,1.0153,5.8,26.5929,49.4
ilystephy,JASNR,Radiant,Flex,0.7905,7.8,19.0135,54.2
nerve,zzz,Radiant,Flex,1.3012,4.0,21.0096,44.2
charlieputha,8813,Platinum 1,Duelist,1.1409,7.4,10.3859,25.0
cevv,smile,Radiant,Initiator,1.2311,10.2,18.1218,74.8
Gary Johnson,9595,Radiant,Flex,1.1148,5.0,7.5769,24.2
Larxin,PogT,Diamond 3,Flex,1.3205,3.4,5.8065,8.8
Knights RIKU,KRN,Radiant,Duelist,1.0714,4.8,15.5433,43.4
BORN,SMD,Platinum 1,Initiator,1.7243,2.8,28.5791,14.4
hyjinx,loki,Immortal 3,Flex,1.2048,3.0,17.5931,36.6
Rise Shanks,519,Immortal 3,Flex,1.0422,4.4,10.8065,27.2
Pshimmy308,4734,Platinum 2,Duelist,1.1102,6.4,24.957,30.2
Bape,100,Immortal 3,Duelist,1.0647,3.8,19.5668,46.0
cullican,8055,Immortal 3,Flex,0.9645,2.8,11.0672,24.4
CrayCup,FTC,Immortal 3,Initiator,0.7867,3.2,17.7489,23.4
Maanish,pow,Immortal 2,Duelist,0.8814,3.0,12.546,40.2
fGomez,TTV,Radiant,Flex,0.7762,1.8,37.7683,35.0
trashketchum,666,Silver 1,Duelist,1.9223,3.4,14.6444,33.0
MOCKING,DEEZ,Immortal 3,Flex,1.4438,1.8,0.0,0.0
XSET BcJ,5FT2,Radiant,Controller,1.5506,8.4,19.3245,63.2
LSD,777,Immortal 2,Flex,1.1243,7.8,15.5114,43.0
zackariah,brie,Radiant,Duelist,1.5013,4.4,13.4867,35.8
Ranuval,sigma,Immortal 3,Duelist,1.1792,2.4,16.9489,49.2
Drake Rapper,NA1,Silver 2,Flex,1.1971,4.0,4.8,7.4
full tilt,3048,Gold 3,Sentinel,1.3053,2.6,20.4188,49.4
fGomez,TTV,Radiant,Duelist,1.3186,3.6,35.739,43.8
New Life,420,Immortal 2,Flex,1.3327,4.8,22.0352,33.8
blonded,kumi,Gold 3,Flex,1.308,5.4,8.8579,17.2
Kouf,514,Radiant,Duelist,1.3232,3.2,12.9158,34.0
Guts Deep,Smeag,Diamond 1,Flex,1.417,3.0,11.2857,22.4
The Soft Blade,shash,Platinum 1,Controller,1.1058,7.2,18.199,58.4
LG TiGG,00000,Immortal 3,Flex,1.4506,5.0,6.3636,8.0
chosen,ari,Radiant,Sentinel,1.5151,1.4,27.2061,42.4
Ickarus,180,Immortal 2,Initiator,0.9219,9.4,22.5544,48.6
Quik,WWJD,Immortal 3,Initiator,1.35,5.0,18.9538,43.4
PuRelittleone,yoruW,Radiant,Flex,0.7499,5.6,13.8652,33.0
Fire,im15,Radiant,Flex,1.0612,4.4,25.1796,43.8
jWesTyy,ttv,Gold 3,Flex,0.9904,3.2,15.4751,21.8
KeeCT,TTV,Immortal 3,Duelist,1.2413,3.0,20.638,42.6
HyperioN,ptvpr,Silver 3,Duelist,1.5444,2.6,14.7475,23.2
Tim,NANA,Radiant,Flex,1.3519,6.0,24.7734,54.2
iceyyy,ICE,Immortal 3,Initiator,1.3167,2.6,34.5739,43.0
jsohie,9951,Diamond 1,Flex,1.0183,7.4,6.0497,28.6
weeb,uwuXD,Platinum 2,Initiator,0.8616,5.8,12.9555,34.8
lukaa,25052,Platinum 2,Sentinel,1.6092,3.8,30.9857,30.0
cheater,care,Immortal 3,Sentinel,1.1323,5.2,26.7125,36.4
fuzzybear,balls,Gold 2,Initiator,1.217,7.2,14.905,39.8
mothman,2057,Silver 1,Duelist,0.7493,6.6,8.4921,30.4
Doomguy,123,Immortal 3,Controller,0.9275,7.8,28.6557,64.4
CLG rise,6302,Immortal 3,Controller,0.8079,4.8,4.5315,19.4
zaya,00000,Platinum 2,Sentinel,1.2462,5.6,4.2308,9.6
FO Nave,00000,Immortal 1,Flex,1.2379,3.0,15.6515,45.2
dre,0904,Immortal 2,Initiator,0.7111,10.4,29.0027,63.2
uaena,EUNE2,Diamond 1,Flex,0.9089,3.6,18.6045,13.0
Cade3k,stefy,Radiant,Controller,1.2056,6.0,30.6207,64.6
LG mada,1945,Radiant,Duelist,0.9448,5.0,27.5682,52.2
Slammed,2988,Radiant,Controller,0.9879,7.2,15.0284,60.4
Welshy,001,Radiant,Flex,1.0452,4.0,17.9176,44.2
PSR shamson,TTV,Immortal 3,Controller,1.3319,6.8,14.9857,44.0
LH KXXXY,SSR,Radiant,Controller,1.259,6.0,26.4896,53.0
zephyr,799,Radiant,Duelist,1.9043,3.2,10.75,14.8
Toph,00001,Immortal 3,Flex,1.2834,5.0,27.4891,47.0
His Sage,Lovee,Gold 1,Initiator,1.656,6.8,13.7315,24.0
fan de chuyon,yosho,Radiant,Initiator,0.9878,6.2,18.2844,52.2
HuluAndChill,0028,Radiant,Flex,1.6246,2.8,17.4331,22.2
syfi,exe,Immortal 3,Flex,0.9104,6.6,30.9713,51.4
bENITA,beni,Immortal 3,Initiator,0.9418,4.6,29.9322,57.6
gregmeister,8422,Immortal 3,Controller,1.1023,4.8,8.2872,29.8
TTV 1Frog1,TTV,Immortal 3,Duelist,1.2494,3.6,24.8081,32.8
Pyre,pog,Immortal 2,Flex,1.2045,3.2,8.3735,24.2
Fatal Error,Error,Immortal 3,Duelist,1.0162,3.4,15.8826,32.6
narrow,011,Platinum 1,Flex,0.9453,4.0,14.1064,27.0
Lucifer MoonCake,Tasty,Platinum 2,Controller,1.557,1.4,0.0,0.0
Rtan,000,Immortal 3,Duelist,0.795,4.4,16.6787,33.2
Teach,MDT,Gold 3,Sentinel,1.2547,3.2,9.9565,16.2
Cynical,000,Silver 1,Flex,2.1051,5.2,26.7587,39.4
FaZe POISED,NSIC,Immortal 2,Duelist,1.4348,5.0,3.3333,10.6
guanyu,6275,Immortal 3,Initiator,1.0612,7.6,17.8346,60.6
OpTic yay,yay,Radiant,Sentinel,1.7943,3.0,37.7688,41.2
Aristia,Bye,Diamond 2,Flex,1.3196,5.0,16.2716,50.2
DietMilk,BangN,Immortal 3,Duelist,1.0355,6.4,21.5881,61.0
SWARM Smoke,1337,Radiant,Sentinel,1.3581,4.8,25.39,51.6
TK Wicked,Weeb,Immortal 3,Flex,1.1839,3.0,39.1585,45.2
marc,FRS,Immortal 3,Flex,0.8476,7.2,21.8181,47.0
Daddy,43383,Gold 3,Flex,1.1067,3.6,19.2802,28.8
RoyalFortress265,123,Radiant,Duelist,0.8593,5.6,21.6765,38.8
YJS,999,Immortal 3,Flex,1.265,5.4,19.7365,68.6
EG JAWGEMO,MOR,Radiant,Duelist,1.2183,5.6,18.7467,46.6
Strides,223,Immortal 2,Flex,1.2859,4.0,24.7909,48.0
kyoobi,9tail,Immortal 1,Initiator,0.9983,1.0,4.4444,8.2
Draco,4PF,Gold 1,Duelist,0.8136,4.2,11.0908,17.2
brimestone sex 3,kang,Radiant,Initiator,1.0783,5.0,19.4499,50.4
Ange,777,Radiant,Sentinel,1.4331,2.8,14.5962,34.0
alijah,tacko,Immortal 3,Flex,0.9149,6.2,27.3616,53.0
TimelessEkko,NA1,Bronze 3,Duelist,1.0216,4.8,5.0,2.6
kingston,000,Immortal 3,Flex,0.8323,6.0,22.6729,62.8
fierystriker,MVP,Immortal 3,Initiator,1.0131,6.0,16.8622,39.4
Toskri,0101,Immortal 3,Duelist,1.1204,3.4,26.2646,25.8
doodoo britches,2355,Diamond 2,Controller,1.4779,6.2,18.7638,48.0
Loooter,NA1,Bronze 3,Flex,0.5912,3.6,8.988,19.2
ezpz,lorn,Diamond 2,Flex,1.037,2.8,14.5348,29.0
acenin9,999,Platinum 1,Flex,1.254,3.6,19.261,22.4
GLANCE,3405,Radiant,Controller,0.9492,9.4,24.8636,66.0
iKoniK,1of1,Immortal 3,Flex,0.8559,3.2,19.2715,48.8
100T Derrek,100,Radiant,Duelist,1.1568,3.4,29.6317,58.4
inconsistent,cyfer,Immortal 3,Initiator,0.8016,4.2,22.0183,37.4
AKREW Neon,sit,Immortal 3,Sentinel,1.2721,1.2,10.0569,33.0
Disrupterr,666,Immortal 1,Duelist,1.1941,2.2,12.1143,17.0
Nectar,bee,Silver 2,Flex,0.9749,4.8,15.3311,19.4
bearkun,11111,Immortal 3,Duelist,1.4827,3.2,22.9463,58.2
Cowpie867,NA1,Immortal 3,Flex,1.8682,3.2,6.8571,7.8
SQ shonk,000,Immortal 3,Sentinel,1.3714,2.8,34.6505,42.8
BottomFrag,5ft6,Immortal 1,Flex,0.9024,4.8,37.8277,43.8
chewbacca3319,lloyd,Immortal 3,Duelist,0.9373,4.0,23.2044,41.4
jowa,lulu,Radiant,Flex,0.8695,5.0,30.9068,50.4
SQ Crunchy,cm360,Radiant,Initiator,1.12,6.0,31.1052,54.4
Bianco,0001,Immortal 3,Initiator,1.6161,8.2,24.6643,60.2
Tkaz,deez,Radiant,Flex,1.3812,2.4,21.5869,37.6
Fearozen,Addy,Radiant,Flex,1.164,4.8,13.7132,36.6
PowerPixele,EXDE,Radiant,Controller,1.0453,8.0,20.4671,51.4
DeadlyPants 炎,SOS,Radiant,Duelist,1.7031,7.2,23.2968,50.6
deglovedpeen,peen,Platinum 3,Duelist,1.3483,6.6,13.4961,55.6
FO Swami,TTV,Immortal 2,Flex,1.0183,4.0,9.6552,11.2
Juice,hana,Immortal 3,Duelist,1.134,2.8,27.9152,22.2
ASP smiley,TONKA,Immortal 3,Initiator,0.634,4.2,23.8529,39.2
Crazymojo,9669,Radiant,Sentinel,1.1164,4.0,22.0399,50.6
Aiko,Kamu,Immortal 3,Initiator,0.9007,3.8,19.0875,37.6
BrazillDazzle,egg,Gold 1,Initiator,0.8434,6.2,14.6936,37.6
retrQ,MEIKO,Radiant,Duelist,1.3555,2.8,18.8874,32.8
ShatterDabs69,420,Immortal 3,Flex,1.1614,5.4,23.2295,42.4
HSC Chxppy,7270,Silver 3,Duelist,1.199,4.0,14.6732,23.8
Rough Weenis,Ween,Bronze 2,Duelist,1.6825,2.4,26.4409,24.4
acrian,420,Radiant,Controller,0.95,4.8,22.0503,63.6
LessThanThree,blood,Platinum 1,Sentinel,1.4096,3.0,11.4685,16.4
Tyler,1wnl,Immortal 3,Initiator,1.1248,5.8,36.0698,55.8
XSET ashley,MWAH,Immortal 1,Initiator,1.2299,6.6,40.3533,44.4
R7in,YZY,Platinum 1,Sentinel,1.4414,3.2,19.7681,34.8
Ksiaze,EZ4KZ,Immortal 3,Sentinel,1.1829,1.0,23.5746,26.6
instinct,5341,Radiant,Initiator,0.7816,6.8,21.1696,65.0
jacky,loml,Silver 2,Flex,0.868,5.0,14.2718,25.8
evy,BIG,Radiant,Sentinel,1.1439,3.2,26.8472,30.8
Soop,danii,Immortal 3,Initiator,0.8431,8.2,24.7557,56.0
MIS ny,666,Diamond 1,Initiator,1.3935,5.0,0.0,0.0
subwuf,gbc,Immortal 3,Sentinel,1.1667,3.6,25.3785,39.0
farii,7777,Platinum 1,Duelist,0.9488,2.4,23.5556,20.0
blueberry,oper,Immortal 3,Flex,1.0668,2.4,8.0726,21.8
Vigilance,ez4me,Immortal 3,Flex,0.8471,7.2,18.2736,49.2
awkwa,fina,Immortal 1,Initiator,0.7881,6.4,23.3487,42.0
Honaks,NA1,Platinum 1,Duelist,1.0849,4.2,21.1236,44.0
METRO Thig,420,Radiant,Sentinel,1.1264,6.2,23.9798,48.4
zapz,demon,Radiant,Sentinel,1.4465,4.2,31.711,44.8
deniska,ppska,Radiant,Sentinel,1.1743,1.4,10.75,24.2
prompt,GOAT,Immortal 3,Duelist,1.2889,8.4,24.8124,63.2
apart,9828,Immortal 1,Duelist,1.2946,2.6,18.4238,29.8
addison,FTP,Radiant,Duelist,0.9679,3.2,33.499,48.8
MournHub,6393,Silver 1,Duelist,1.2001,4.0,9.4542,19.0
jurie,420,Silver 2,Sentinel,0.9771,3.8,17.189,37.4
gilee,BiH,Radiant,Initiator,0.7886,6.0,18.118,36.6
KLang,124,Gold 2,Initiator,1.6738,6.8,15.2551,25.6
SCROUNGEZERA,000,Immortal 3,Flex,1.3019,4.4,12.9065,31.6
Vincybincy,0999,Diamond 2,Sentinel,1.2677,3.2,16.5177,26.6
Maken,1111,Immortal 3,Duelist,0.8265,4.2,24.7472,44.2
okeanos,502,Radiant,Flex,1.3819,5.6,21.2192,35.2
Oten Muncher,RAO,Diamond 1,Sentinel,1.1366,6.0,12.5114,39.8
lowkey,3381,Immortal 3,Sentinel,0.9426,2.8,32.5609,38.4
hiracopter,shiae,Radiant,Duelist,1.1216,5.4,18.3715,38.2
ayycuda,369,Silver 2,Initiator,0.7671,4.4,6.3151,24.4
kega,822,Immortal 3,Flex,0.9192,8.0,14.887,61.8
Ghxst999,Godly,Platinum 3,Flex,1.0085,3.0,10.098,15.0
NBG MICKNUTTY333,meow,Immortal 3,Flex,1.2751,4.4,33.1498,58.8
OpTic Marved,ICE,Immortal 3,Initiator,1.1966,3.8,26.3284,38.0
kailee,hate,Bronze 2,Flex,0.6838,3.6,0.0,0.0
Snippy,YESIR,Immortal 3,Initiator,1.1717,7.8,26.4758,56.2
Aries salsa,1629,Bronze 3,Flex,1.2788,2.8,5.5,4.2
Superking,1330,Immortal 2,Flex,0.8416,4.0,0.0,0.0
XSET AYRIN,1337,Radiant,Sentinel,1.1069,3.8,13.1475,41.0
IluZ Churro,ashln,Immortal 3,Initiator,1.1254,3.4,25.0284,48.8
gen 5 sabrina,psych,Gold 1,Flex,1.0899,6.8,15.1464,31.6
swake,7570,Silver 2,Flex,1.2041,5.6,12.3788,26.8
CompAddict,NA1,Platinum 1,Initiator,0.5824,4.4,18.0383,36.2
chsr,5145,Gold 1,Flex,1.0653,4.6,11.2821,20.8
Jxwk,ttv,Radiant,Sentinel,1.3002,2.8,10.8582,32.0
devy,elli,Radiant,Duelist,1.3635,3.8,0.0,0.0
Morg,888,Radiant,Flex,1.7761,5.8,20.3096,55.2
30mg,MEDS,Immortal 3,Flex,1.5462,5.2,30.1326,58.6
D1scordM0mmy,beg,Gold 1,Duelist,0.5766,4.8,21.4865,24.8
reddi,123,Immortal 3,Flex,1.3081,1.8,20.8937,34.4
Karina,cire,Platinum 1,Sentinel,1.4002,3.4,22.3976,30.6
GabeTheGod,10203,Diamond 1,Sentinel,1.3648,7.0,14.4396,48.0
katar,exe,Immortal 3,Controller,0.9434,8.6,19.1472,60.6
lucas,fonem,Immortal 3,Initiator,1.2761,12.0,25.1291,76.6
TB jangler,kai,Radiant,Controller,1.3523,7.2,19.9297,49.0
Gameface,NA1,Radiant,Flex,0.7542,6.0,17.8294,56.4
justinovah,000,Radiant,Initiator,0.8236,6.6,22.7934,51.4
gilee,BiH,Radiant,Initiator,0.812,6.6,23.5624,34.8
trackrunnerbtw,ten94,Immortal 3,Controller,0.784,8.6,32.4269,63.4
john,9999,Radiant,Flex,2.0027,2.4,5.9574,8.4
khai,ook,Immortal 3,Flex,1.4974,6.0,19.3433,67.4
High Disorder,Lmao,Immortal 3,Controller,0.9229,5.2,28.4209,60.8
Jerrwin,777,Immortal 3,Duelist,1.1229,4.2,20.3841,53.2
Gio25k,TTV,Immortal 3,Flex,0.972,2.6,25.9503,42.0
NM sufu,7396,Radiant,Flex,1.1428,3.0,27.2481,47.6
kin,idc,Platinum 3,Flex,1.1701,3.2,0.0,0.0
STD Flint,std,Platinum 3,Initiator,0.6931,5.8,19.9819,25.8
Secrets,ONU,Radiant,Initiator,0.9239,7.2,27.8449,66.2
Ikaris,CSGOD,Gold 3,Flex,1.1053,5.2,11.7949,17.0
aJay,LFT,Immortal 3,Flex,0.6479,4.8,17.1266,59.2
6K BEASTXZUKEN,JDL,Immortal 3,Flex,2.2884,3.8,3.4286,10.8
3005,dawn,Radiant,Sentinel,1.4182,1.4,25.154,36.8
cabs,000,Immortal 3,Flex,1.2404,7.4,13.5501,52.0
bloob,0000,Diamond 2,Sentinel,1.0377,4.4,14.8516,20.8
beta,002,Radiant,Duelist,1.6082,7.4,29.7523,45.8
DarkVert3x,Simp,Gold 3,Flex,0.7979,3.4,5.6522,7.0
BabyJ,Halo,Radiant,Initiator,1.4233,5.8,34.5307,62.8
GUARD trent,Habib,Radiant,Initiator,1.1922,2.6,32.3523,50.2
TSM Subroza,4678,Radiant,Initiator,1.3556,4.6,24.8514,51.6
quanzy,000,Immortal 3,Flex,1.3259,3.2,6.6667,5.6
JJblaster,4571,Immortal 3,Controller,1.1833,4.2,28.1423,38.4
first time viper,001,Immortal 3,Controller,0.7243,4.4,31.8185,46.2
Jacoby,999,Immortal 3,Flex,1.131,7.2,18.0793,54.4
hexen,ash,Radiant,Duelist,1.1971,5.4,24.9169,39.8
a2guapo,315x1,Immortal 3,Initiator,0.8233,2.2,9.9095,18.8
JT No Love,Gin0,Diamond 1,Duelist,1.326,4.0,9.0923,39.4
Crazymojo,9669,Radiant,Sentinel,1.2677,2.8,22.5616,51.6
infiltrator,000,Radiant,Duelist,1.2228,3.6,24.5027,48.0
Alzurre,HELP,Gold 3,Duelist,1.3397,3.6,23.9795,42.0
Tristiieee,2913,Immortal 3,Initiator,1.1167,9.0,28.0066,64.4
tesaw,808,Immortal 2,Initiator,1.0576,4.8,15.2281,36.0
volare,6042,Silver 3,Initiator,1.0792,3.8,10.2573,15.8
Hundun,WILL,Platinum 2,Flex,1.0535,5.2,16.6057,28.2
kaj0w,5003,Immortal 2,Controller,1.4587,4.6,8.3333,25.8
Curry,2006,Immortal 3,Controller,1.2585,2.6,5.283,8.4
Maiku,666,Immortal 3,Duelist,1.1939,4.2,29.6161,39.6
im a chicken,3165,Gold 1,Initiator,1.3681,5.4,19.2095,33.6
UL Pyro,thic,Radiant,Flex,1.2019,3.4,11.4835,28.4
Tempt,jonny,Radiant,Controller,0.8495,7.2,22.8617,58.0
Soapy,3413,Radiant,Flex,0.9331,6.4,15.2564,68.4
his chamber,nyc,Radiant,Flex,0.9699,3.2,4.2105,7.6
LIMIT TESTER,KELIN,Immortal 2,Duelist,1.1617,4.2,7.8727,21.8
Mazdolava,MazRN,Platinum 2,Controller,1.1085,5.4,21.5084,64.2
Chicky,jawn,Diamond 3,Flex,0.4253,3.4,6.6667,5.6
NOVEMBER,inoki,Immortal 3,Duelist,1.1756,4.4,13.5551,30.6
GT Gingirvitis,HTC,Radiant,Flex,1.4785,2.0,13.4767,17.8
DZ Andersin,WOOF,Radiant,Flex,1.439,3.6,22.4667,28.2
Albatross,Bird,Immortal 3,Initiator,1.1342,6.0,27.2517,54.0
TwitchZepyh,TTV,Immortal 3,Controller,0.7791,7.6,18.0276,58.6
MWG,803,Radiant,Flex,1.1473,6.8,27.9978,67.0
Hyuge,TTV,Radiant,Flex,0.9195,6.6,9.6027,36.4
BASEDGOD,zzz,Immortal 3,Controller,1.0479,8.8,29.1437,55.8
Janoツ,5158,Immortal 3,Flex,1.2641,4.4,26.3158,47.2
ASP ARES,TONKA,Immortal 1,Initiator,0.817,7.0,23.3387,52.4
SuperTurbo,NA1,Immortal 2,Flex,1.5167,3.6,13.2143,14.4
nebula,exe,Radiant,Controller,1.0784,10.8,17.9551,63.8
Michi,LMAO,Immortal 3,Initiator,0.8838,6.4,21.9061,59.6
Dol Sot Bao,NA1,Gold 3,Duelist,0.9516,2.6,18.5465,42.6
danny,0820,Diamond 2,Duelist,3.6372,1.6,22.0,12.2
yum yum,nitsu,Gold 3,Flex,1.0261,2.6,10.6111,19.8
Domannski,000,Gold 3,Sentinel,0.7585,4.8,26.2308,35.4
forbidden balls,1337,Silver 3,Flex,1.9209,3.4,5.6,2.4
Jayy,isgay,Radiant,Flex,1.2769,11.0,16.0329,55.8
enaye,7777,Immortal 3,Initiator,0.9727,7.6,23.1687,46.0
ArturoTheChuro,5014,Silver 3,Controller,0.7613,3.2,3.7838,8.0
P7 Taj,6982,Gold 2,Flex,1.1384,3.4,11.4953,33.0
Osu,FPS,Immortal 3,Duelist,0.7375,4.2,31.9798,40.2
b0t,2885,Silver 3,Flex,0.9665,4.2,12.0091,20.6
chainsaw man,marko,Immortal 3,Initiator,1.002,9.0,26.7608,66.8
100T b0i,ftw,Immortal 3,Initiator,1.818,5.2,12.3418,37.6
Clicklery,ttv,Immortal 3,Flex,1.6488,5.0,22.3675,46.0
fox,peen,Immortal 3,Initiator,1.0145,2.8,0.0,0.0
SR sonder,999,Radiant,Flex,1.0947,4.4,25.0401,59.4
WhoFramedMe,117,Radiant,Flex,1.4864,3.2,0.0,0.0
Chiuce,TTV,Immortal 2,Initiator,1.2872,5.8,33.0616,59.0
pppaaauuulll,marz,Immortal 2,Flex,1.3689,5.6,22.7196,47.4
uzi,kage,Immortal 3,Initiator,1.1217,4.2,21.6163,66.8
GLYPH,XLVII,Radiant,Flex,0.9172,5.8,29.7735,69.4
TFish,ttv,Immortal 3,Flex,1.2056,5.8,33.0378,48.4
ohma,balls,Gold 3,Flex,1.1201,4.8,25.7365,52.2
TesticIes,NA1,Diamond 2,Initiator,1.1083,7.6,10.039,20.2
BoblazerDole,8691,Diamond 2,Sentinel,1.2883,8.2,17.3078,53.4
Hopper,KAIO,Immortal 3,Flex,1.0783,5.2,29.0119,50.4
zt0L,TTV,Radiant,Initiator,1.1235,6.6,20.2049,66.2
NXS RECLOCY,Judge,Immortal 3,Duelist,2.6037,3.8,29.6704,34.4
Beest,imy,Immortal 1,Duelist,0.7619,1.6,18.3902,17.8
Shattered619,NA1,Radiant,Flex,1.1117,4.8,18.789,69.4
lilvinny,babes,Platinum 2,Duelist,1.3733,3.4,31.3155,39.8
Dreadful,002,Immortal 2,Sentinel,1.1805,3.2,0.0,0.0
gnz,0001,Platinum 2,Duelist,1.2539,4.2,16.1887,19.2
satoshi,zzz,Radiant,Flex,0.7844,2.4,21.0612,30.6
